City_ID,City,Country,Date,Lat,Lng,Max Temp,Humidity,Cloudiness,Wind Speed
0,Mar Del Plata,AR,2021-10-21 22:37:53,-38.0023,-57.5575,75.22,91,0,3.0
1,Puerto Ayora,EC,2021-10-21 22:37:32,-0.7393,-90.3518,76.96,81,64,9.44
2,Chapais,CA,2021-10-21 22:41:55,49.7834,-74.8492,38.98,84,100,3.58
3,Leningradskiy,RU,2021-10-21 22:37:47,69.3833,178.4167,10.18,89,85,14.79
4,Yellowknife,CA,2021-10-21 22:37:29,62.456,-114.3525,45.41,70,20,16.11
5,Mazatlan,MX,2021-10-21 22:41:10,23.2167,-106.4167,87.76,79,1,10.0
6,Dali,CN,2021-10-21 22:41:56,25.7,100.1833,55.72,98,100,3.04
7,Ushuaia,AR,2021-10-21 22:37:09,-54.8,-68.3,40.66,81,40,29.93
8,Tasiilaq,GL,2021-10-21 22:41:56,65.6145,-37.6368,33.96,76,59,7.63
9,Chuy,UY,2021-10-21 22:37:36,-33.6971,-53.4616,56.37,82,3,6.15
10,Barrow,US,2021-10-21 22:40:05,71.2906,-156.7887,28.42,86,90,0.0
11,Plettenberg Bay,ZA,2021-10-21 22:41:57,-34.0527,23.3716,62.49,90,100,2.1
12,Jamestown,US,2021-10-21 22:38:50,42.097,-79.2353,61.3,98,90,4.0
13,Vuktyl,RU,2021-10-21 22:41:58,63.8567,57.3094,30.27,94,100,12.66
14,Shaowu,CN,2021-10-21 22:41:58,27.3409,117.4831,54.45,95,100,1.54
15,Esperance,AU,2021-10-21 22:41:59,-33.8667,121.9,55.24,74,71,11.81
16,Hermanus,ZA,2021-10-21 22:37:17,-34.4187,19.2345,60.8,75,100,11.14
17,Vysokogornyy,RU,2021-10-21 22:41:59,50.1167,139.15,25.9,90,100,2.64
18,Kaitangata,NZ,2021-10-21 22:37:22,-46.2817,169.8464,57.06,58,13,6.51
19,Busselton,AU,2021-10-21 22:42:00,-33.65,115.3333,55.38,72,36,6.06
20,Aykhal,RU,2021-10-21 22:37:50,66.0,111.5,18.79,91,91,4.56
21,Victoria,HK,2021-10-21 22:37:21,22.2855,114.1577,66.33,86,100,1.99
22,Ricse,HU,2021-10-21 22:42:01,48.3256,21.9707,55.08,60,100,15.75
23,Bluff,NZ,2021-10-21 22:42:02,-46.6,168.3333,51.42,63,2,2.93
24,Rikitea,PF,2021-10-21 22:41:31,-23.1203,-134.9692,74.41,80,84,21.83
25,Vaini,TO,2021-10-21 22:37:17,-21.2,-175.2,78.96,83,40,13.8
26,Grand Gaube,MU,2021-10-21 22:42:02,-20.0064,57.6608,74.37,76,60,5.01
27,Yar-Sale,RU,2021-10-21 22:42:03,66.8333,70.8333,28.8,92,100,6.64
28,Thompson,CA,2021-10-21 22:42:04,55.7435,-97.8558,33.96,75,75,5.75
29,Reichenau,PL,2021-10-21 22:42:04,50.9075,14.9563,49.57,80,93,8.01
30,Margate,GB,2021-10-21 22:42:05,51.3813,1.3862,47.7,75,10,1.99
31,Muros,ES,2021-10-21 22:42:05,42.7762,-9.0603,59.85,94,38,4.38
32,Mahina,PF,2021-10-21 22:42:06,-17.5065,-149.489,83.97,65,75,5.75
33,Bouillante,GP,2021-10-21 22:42:06,16.1304,-61.7692,79.83,71,2,12.64
34,Provideniya,RU,2021-10-21 22:42:06,64.3833,-173.3,26.71,63,75,13.42
35,Bredasdorp,ZA,2021-10-21 22:40:21,-34.5322,20.0403,63.72,88,100,6.91
36,Punta Arenas,CL,2021-10-21 22:37:40,-53.15,-70.9167,48.31,49,40,24.16
37,Mataura,NZ,2021-10-21 22:37:35,-46.1927,168.8643,60.91,47,5,3.51
38,Praia Da Vitoria,PT,2021-10-21 22:39:08,38.7333,-27.0667,66.76,88,40,6.93
39,Kununurra,AU,2021-10-21 22:42:08,-15.7667,128.7333,85.98,84,75,1.14
40,Dehui,CN,2021-10-21 22:42:08,44.5333,125.7,26.91,52,2,4.38
41,Mehamn,NO,2021-10-21 22:42:09,71.0357,27.8492,34.77,57,98,24.18
42,Qaanaaq,GL,2021-10-21 22:42:09,77.484,-69.3632,-0.2,75,16,7.94
43,Narsaq,GL,2021-10-21 22:42:09,60.9167,-46.05,30.42,39,100,4.56
44,Upernavik,GL,2021-10-21 22:42:10,72.7868,-56.1549,19.15,90,90,5.75
45,Dukstas,LT,2021-10-21 22:42:10,55.5333,26.3333,49.24,70,76,18.7
46,Hobart,AU,2021-10-21 22:37:35,-42.8794,147.3294,64.26,76,75,3.0
47,Chara,RU,2021-10-21 22:41:21,56.9064,118.2631,30.15,78,100,1.66
48,Tuktoyaktuk,CA,2021-10-21 22:38:10,69.4541,-133.0374,32.0,93,40,5.75
49,Aklavik,CA,2021-10-21 22:42:11,68.2191,-135.0107,36.43,85,50,10.83
50,Cockburn Town,TC,2021-10-21 22:42:12,21.4612,-71.1419,78.76,89,90,4.61
51,Khatanga,RU,2021-10-21 22:37:27,71.9667,102.5,-1.01,99,90,3.87
52,Mana,GF,2021-10-21 22:42:12,5.6592,-53.7767,78.66,87,100,10.38
53,Acapulco,MX,2021-10-21 22:38:19,16.8634,-99.8901,84.02,79,90,4.61
54,Ponta Do Sol,PT,2021-10-21 22:40:47,32.6667,-17.1,70.72,64,8,6.69
55,Qixingtai,CN,2021-10-21 22:42:13,30.4135,111.8874,56.17,77,100,3.69
56,Saint-Augustin,CA,2021-10-21 22:42:14,51.226,-58.6502,40.35,60,43,9.46
57,Tomatlan,MX,2021-10-21 22:42:14,19.9333,-105.25,86.0,72,33,8.39
58,Henties Bay,NA,2021-10-21 22:42:14,-22.116,14.2845,59.86,90,0,3.18
59,Okha,RU,2021-10-21 22:38:06,53.5739,142.9478,35.2,87,99,11.07
60,Paamiut,GL,2021-10-21 22:42:15,61.994,-49.6678,37.08,46,77,5.86
61,Alice Springs,AU,2021-10-21 22:42:15,-23.7,133.8833,72.95,27,0,6.91
62,Albany,US,2021-10-21 22:37:38,42.6001,-73.9662,66.78,68,79,4.23
63,Darab,IR,2021-10-21 22:42:16,28.7519,54.5444,68.4,21,0,5.46
64,Souillac,MU,2021-10-21 22:42:05,-20.5167,57.5167,74.35,83,75,3.44
65,Arraial Do Cabo,BR,2021-10-21 22:42:17,-22.9661,-42.0278,67.96,68,75,5.75
66,Georgetown,MY,2021-10-21 22:41:45,5.4112,100.3354,78.73,89,20,0.0
67,Hithadhoo,MV,2021-10-21 22:42:17,-0.6,73.0833,80.8,77,100,9.33
68,Cape Town,ZA,2021-10-21 22:40:11,-33.9258,18.4232,63.09,68,20,11.99
69,Ribeira Grande,PT,2021-10-21 22:37:48,38.5167,-28.7,69.13,70,99,12.1
70,Carmen,MX,2021-10-21 22:40:51,18.6333,-91.8333,84.24,74,75,9.22
71,Bokhan,RU,2021-10-21 22:42:18,53.153,103.7714,31.46,88,0,4.05
72,Nikolskoye,RU,2021-10-21 22:37:29,59.7035,30.7861,54.01,79,100,14.72
73,Dikson,RU,2021-10-21 22:40:27,73.5069,80.5464,23.47,71,100,10.78
74,Aitape,PG,2021-10-21 22:42:19,-3.1374,142.3475,82.42,74,98,2.53
75,Saskylakh,RU,2021-10-21 22:38:39,71.9167,114.0833,1.11,99,96,3.76
76,Hilo,US,2021-10-21 22:42:20,19.7297,-155.09,84.27,62,20,5.75
77,Talnakh,RU,2021-10-21 22:41:37,69.4865,88.3972,25.03,97,100,2.1
78,Araouane,ML,2021-10-21 22:42:20,18.9048,-3.5265,77.11,23,9,8.9
79,Salinopolis,BR,2021-10-21 22:42:21,-0.6136,-47.3561,80.06,82,83,8.01
80,Estelle,US,2021-10-21 22:42:21,29.8458,-90.1067,87.85,64,40,8.05
81,Kailua,US,2021-10-21 22:41:04,21.4022,-157.7394,84.18,72,75,4.61
82,Kattivakkam,IN,2021-10-21 22:42:22,13.2167,80.3167,80.69,80,57,5.75
83,Bambous Virieux,MU,2021-10-21 22:40:34,-20.3428,57.7575,74.21,83,75,3.44
84,Ust-Kuyga,RU,2021-10-21 22:42:23,70.0167,135.6,11.12,96,100,3.53
85,Prince Rupert,CA,2021-10-21 22:42:23,54.3161,-130.3201,59.09,57,90,14.97
86,Anloga,GH,2021-10-21 22:42:23,5.7947,0.8973,77.22,84,99,9.66
87,New Norfolk,AU,2021-10-21 22:40:22,-42.7826,147.0587,66.65,62,89,1.99
88,Torbay,CA,2021-10-21 22:42:24,47.6666,-52.7314,49.57,72,40,20.71
89,Constitucion,CL,2021-10-21 22:42:14,-35.3333,-72.4167,54.12,78,100,16.37
90,Kifri,IQ,2021-10-21 22:41:21,34.6959,44.9661,71.15,28,0,6.24
91,Gat,IL,2021-10-21 22:42:25,31.61,34.7642,69.82,100,1,2.51
92,Buala,SB,2021-10-21 22:39:40,-8.145,159.5921,81.64,79,100,5.64
93,Phan Thiet,VN,2021-10-21 22:40:15,10.9333,108.1,77.07,90,99,5.01
94,Haines Junction,CA,2021-10-21 22:39:28,60.7522,-137.5108,46.35,53,100,1.14
95,Kirakira,SB,2021-10-21 22:42:26,-10.4544,161.9205,83.37,75,100,7.36
96,Peniche,PT,2021-10-21 22:38:55,39.3558,-9.3811,61.61,82,28,20.85
97,Avarua,CK,2021-10-21 22:37:31,-21.2078,-159.775,77.05,65,25,8.05
98,Nouadhibou,MR,2021-10-21 22:41:45,20.931,-17.0347,78.78,47,3,9.22
99,Saint George,US,2021-10-21 22:42:27,37.1041,-113.5841,79.27,25,1,4.0
100,San Vicente,AR,2021-10-21 22:42:27,-26.6167,-54.1333,63.91,71,56,1.9
101,Bay Roberts,CA,2021-10-21 22:42:28,47.5999,-53.2648,50.32,72,73,4.0
102,Tiksi,RU,2021-10-21 22:42:28,71.6872,128.8694,9.34,94,100,11.23
103,Kalemie,CD,2021-10-21 22:42:28,-5.9475,29.1947,71.4,85,100,7.25
104,Soe,ID,2021-10-21 22:42:29,-9.8607,124.284,75.65,63,82,2.42
105,Mananara,MG,2021-10-21 22:42:29,-16.1667,49.7667,68.9,92,15,3.0
106,Kavaratti,IN,2021-10-21 22:42:29,10.5669,72.642,81.55,77,98,9.35
107,Bireun,ID,2021-10-21 22:42:30,5.203,96.7009,78.31,82,100,3.6
108,Castro,BR,2021-10-21 22:39:45,-24.7911,-50.0119,55.35,81,53,4.65
109,Hervey Bay,AU,2021-10-21 22:42:30,-25.2986,152.8535,80.04,72,17,10.74
110,Chokurdakh,RU,2021-10-21 22:42:31,70.6333,147.9167,-16.01,97,91,3.71
111,Ilulissat,GL,2021-10-21 22:42:31,69.2167,-51.1,30.22,74,75,16.11
112,Isangel,VU,2021-10-21 22:42:32,-19.55,169.2667,80.71,78,75,5.75
113,Kommunisticheskiy,RU,2021-10-21 22:42:32,61.6789,64.4819,29.03,76,100,7.9
114,Camalu,MX,2021-10-21 22:42:33,30.85,-116.0667,78.42,57,3,11.05
115,Iqaluit,CA,2021-10-21 22:37:55,63.7506,-68.5145,29.93,86,75,1.99
116,Hofn,IS,2021-10-21 22:40:23,64.2539,-15.2082,32.59,64,2,17.07
117,Kapaa,US,2021-10-21 22:42:34,22.0752,-159.319,82.38,67,1,3.0
118,Mount Isa,AU,2021-10-21 22:42:34,-20.7333,139.5,83.97,45,0,8.05
119,Touros,BR,2021-10-21 22:41:26,-5.1989,-35.4608,81.5,78,99,9.08
120,Butaritari,KI,2021-10-21 22:42:35,3.0707,172.7902,82.72,72,30,15.35
121,Hobyo,SO,2021-10-21 22:42:35,5.3505,48.5268,78.64,81,53,12.48
122,San Quintin,MX,2021-10-21 22:39:32,30.4833,-115.95,69.96,64,1,14.76
123,Atuona,PF,2021-10-21 22:42:36,-9.8,-139.0333,77.79,78,10,18.41
124,Yulara,AU,2021-10-21 22:42:36,-25.2406,130.9889,71.44,23,0,10.36
125,Kirsanov,RU,2021-10-21 22:42:36,52.6549,42.7224,51.19,70,90,18.41
126,Kahului,US,2021-10-21 22:42:37,20.8947,-156.47,84.22,70,20,19.57
127,Hasaki,JP,2021-10-21 22:38:13,35.7333,140.8333,54.0,75,100,18.75
128,Aktash,RU,2021-10-21 22:42:37,50.3,87.7333,22.95,53,57,4.97
129,Puerto Leguizamo,CO,2021-10-21 22:42:38,-0.1934,-74.7819,79.45,76,77,2.44
130,Acarau,BR,2021-10-21 22:42:38,-2.8856,-40.12,80.46,80,100,11.79
131,Pontianak,ID,2021-10-21 22:42:39,-0.0333,109.3333,75.18,94,75,5.75
132,Port Blair,IN,2021-10-21 22:38:31,11.6667,92.75,79.38,85,100,2.51
133,Norman Wells,CA,2021-10-21 22:38:19,65.282,-126.8329,39.24,70,20,6.91
134,Takhtamygda,RU,2021-10-21 22:42:39,54.1,123.5667,30.67,73,88,1.88
135,Petropavlovsk-Kamchatskiy,RU,2021-10-21 22:42:40,53.0452,158.6483,21.79,63,20,6.71
136,Itaituba,BR,2021-10-21 22:42:40,-4.2761,-55.9836,75.9,96,100,1.77
137,Lebu,CL,2021-10-21 22:37:53,-37.6167,-73.65,50.61,68,1,18.52
138,Bogovarovo,RU,2021-10-21 22:42:41,58.9785,47.0246,46.31,98,98,8.55
139,Samarai,PG,2021-10-21 22:42:41,-10.6167,150.6667,82.53,69,35,12.24
140,Saint-Philippe,RE,2021-10-21 22:42:42,-21.3585,55.7679,71.19,79,7,9.91
141,Bonoua,CI,2021-10-21 22:42:42,5.2741,-3.595,82.02,91,100,4.05
142,Pangnirtung,CA,2021-10-21 22:42:42,66.1451,-65.7125,32.0,64,20,5.75
143,Faanui,PF,2021-10-21 22:42:43,-16.4833,-151.75,78.94,74,23,7.99
144,Luderitz,NA,2021-10-21 22:42:43,-26.6481,15.1594,56.77,83,62,9.6
145,Retsag,HU,2021-10-21 22:42:44,47.9282,19.1372,56.93,72,100,7.07
146,Kruisfontein,ZA,2021-10-21 22:42:44,-34.0033,24.7314,61.88,87,100,3.04
147,Port Alfred,ZA,2021-10-21 22:37:57,-33.5906,26.891,65.57,84,100,14.23
148,Yerbogachen,RU,2021-10-21 22:42:45,61.2767,108.0108,30.6,94,97,6.87
149,Mwinilunga,ZM,2021-10-21 22:42:45,-11.7358,24.4293,65.66,82,94,3.38
150,Houma,US,2021-10-21 22:40:04,29.5958,-90.7195,87.8,83,75,5.75
151,Esqueda,MX,2021-10-21 22:42:46,30.7167,-109.5833,82.49,17,2,5.14
152,Quatre Cocos,MU,2021-10-21 22:42:47,-20.2078,57.7625,74.08,79,47,9.98
153,Pevek,RU,2021-10-21 22:41:37,69.7008,170.3133,12.63,91,100,13.42
154,Rio Grande,BR,2021-10-21 22:38:23,-32.035,-52.0986,61.95,75,20,10.02
155,Hualmay,PE,2021-10-21 22:42:48,-11.0964,-77.6139,64.62,79,57,10.25
156,Coquimbo,CL,2021-10-21 22:38:08,-29.9533,-71.3436,58.73,77,20,11.5
157,Mantua,IT,2021-10-21 22:42:48,45.1667,10.7833,58.44,94,89,1.86
158,Sitka,US,2021-10-21 22:42:37,57.0531,-135.33,51.69,62,90,13.8
159,Yomou,GN,2021-10-21 22:42:49,7.5603,-9.2653,70.41,99,100,2.55
160,Ulladulla,AU,2021-10-21 22:42:49,-35.35,150.4667,67.87,71,29,2.53
161,Bethel,US,2021-10-21 22:39:17,41.3712,-73.414,66.99,76,62,6.11
162,Cajibio,CO,2021-10-21 22:42:50,2.6227,-76.5704,59.74,99,99,0.43
163,Ocean City,US,2021-10-21 22:41:47,39.2776,-74.5746,69.82,80,12,11.99
164,Ukiah,US,2021-10-21 22:42:50,39.1502,-123.2078,65.64,95,90,9.22
165,Pavlodar,KZ,2021-10-21 22:42:51,52.3,76.95,37.2,81,75,13.42
166,Lompoc,US,2021-10-21 22:42:51,34.6391,-120.4579,80.02,75,1,16.11
167,Hargeysa,SO,2021-10-21 22:41:18,9.56,44.065,68.99,41,100,8.61
168,Lavrentiya,RU,2021-10-21 22:42:52,65.5833,-171.0,23.45,91,60,3.83
169,Yining,CN,2021-10-21 22:42:52,29.0361,114.5636,51.57,93,100,1.28
170,Kralendijk,BQ,2021-10-21 22:42:53,12.15,-68.2667,80.58,83,20,11.5
171,Saint-Francois,FR,2021-10-21 22:39:11,46.4154,3.9054,54.84,82,75,4.61
172,Ugoofaaru,MV,2021-10-21 22:42:53,5.6667,73.0,80.51,80,62,8.16
173,Ritchie,ZA,2021-10-21 22:42:54,-29.038,24.6028,60.01,81,100,21.43
174,Cherskiy,RU,2021-10-21 22:42:54,68.75,161.3,6.98,96,100,4.45
175,East London,ZA,2021-10-21 22:42:55,-33.0153,27.9116,70.21,82,100,5.53
176,Preveza,GR,2021-10-21 22:38:26,38.95,20.75,60.71,100,92,1.14
177,Broome,US,2021-10-21 22:38:22,42.2506,-75.833,66.58,55,1,9.22
178,Grenaa,DK,2021-10-21 22:42:56,56.4158,10.8783,44.82,80,19,4.0
179,Alofi,NU,2021-10-21 22:42:21,-19.0595,-169.9187,80.49,57,75,16.11
180,Taga,RO,2021-10-21 22:42:56,46.95,24.05,55.72,69,100,4.72
181,Geraldton,AU,2021-10-21 22:42:56,-28.7667,114.6,60.13,88,40,5.75
182,Kloulklubed,PW,2021-10-21 22:42:57,7.0419,134.2556,79.3,73,10,7.83
183,Namatanai,PG,2021-10-21 22:38:28,-3.6667,152.4333,83.28,73,88,6.17
184,Along,IN,2021-10-21 22:42:57,28.1667,94.7667,67.3,99,85,0.47
185,Maceio,BR,2021-10-21 22:38:50,-9.6658,-35.7353,81.84,89,20,10.36
186,Berlevag,NO,2021-10-21 22:41:18,70.8578,29.0864,35.31,55,100,26.44
187,Salisbury,GB,2021-10-21 22:42:58,51.0693,-1.7957,45.57,88,0,3.44
188,Dumas,US,2021-10-21 22:42:59,35.8656,-101.9732,76.53,25,1,5.75
189,Huarmey,PE,2021-10-21 22:42:59,-10.0681,-78.1522,65.91,80,48,9.08
190,Nyrob,RU,2021-10-21 22:42:59,60.733,56.7202,32.16,96,100,8.9
191,Sept-Iles,CA,2021-10-21 22:39:50,50.2001,-66.3821,47.05,89,40,0.0
192,The Valley,AI,2021-10-21 22:43:00,18.217,-63.0578,84.06,74,20,14.97
193,Mackay,AU,2021-10-21 22:43:01,-21.15,149.2,84.04,74,40,13.8
194,Mascota,MX,2021-10-21 22:43:01,20.5167,-104.7833,74.91,89,34,4.7
195,Taoudenni,ML,2021-10-21 22:41:22,22.6783,-3.9836,77.7,27,1,10.16
196,Bathsheba,BB,2021-10-21 22:43:02,13.2167,-59.5167,83.01,74,20,25.32
197,Karratha,AU,2021-10-21 22:43:03,-20.7377,116.8463,80.4,27,0,12.73
198,Tuatapere,NZ,2021-10-21 22:43:03,-46.1333,167.6833,60.15,49,1,1.16
199,Ellisras,ZA,2021-10-21 22:43:04,-23.6649,27.7443,69.64,35,98,7.45
200,Kaihua,CN,2021-10-21 22:43:04,23.3687,104.28,50.95,92,100,4.09
201,Zhuhai,CN,2021-10-21 22:43:04,22.2769,113.5678,66.06,88,40,23.02
202,Longyearbyen,SJ,2021-10-21 22:38:05,78.2186,15.6401,17.44,86,90,5.75
203,Carrara,IT,2021-10-21 22:43:05,44.0629,10.0607,62.74,92,79,1.99
204,Conway,US,2021-10-21 22:40:30,35.0887,-92.4421,76.98,33,1,6.91
205,Juba,SS,2021-10-21 22:43:06,4.8517,31.5825,71.47,90,77,1.41
206,Novo Aripuana,BR,2021-10-21 22:43:06,-5.1206,-60.3797,77.05,91,100,1.25
207,Porto Belo,BR,2021-10-21 22:43:06,-27.1578,-48.5531,67.98,77,17,9.57
208,Vila Franca Do Campo,PT,2021-10-21 22:39:27,37.7167,-25.4333,64.81,74,83,4.65
209,Ancud,CL,2021-10-21 22:42:18,-41.8697,-73.8203,51.33,73,49,6.06
210,Jiuquan,CN,2021-10-21 22:43:07,39.7432,98.5174,40.05,28,0,3.49
211,Nantucket,US,2021-10-21 22:41:42,41.2835,-70.0995,64.99,89,1,10.36
212,Mahebourg,MU,2021-10-21 22:43:08,-20.4081,57.7,74.25,83,75,3.44
213,Portland,US,2021-10-21 22:40:21,45.5234,-122.6762,72.21,55,90,1.99
214,Kaspiyskiy,RU,2021-10-21 22:43:08,45.3929,47.3707,49.98,85,6,9.91
215,Lazaro Cardenas,MX,2021-10-21 22:43:09,17.9583,-102.2,83.93,74,61,6.53
216,Petropavlovskoye,RU,2021-10-21 22:43:10,52.0712,84.107,49.39,48,99,6.64
217,Springbok,ZA,2021-10-21 22:43:10,-29.6643,17.8865,48.2,89,24,7.05
218,Barrancabermeja,CO,2021-10-21 22:43:10,7.0653,-73.8547,78.67,83,23,0.29
219,Leh,IN,2021-10-21 22:40:53,34.1667,77.5833,38.44,49,0,4.07
220,Bentiu,SS,2021-10-21 22:43:11,9.2333,29.8333,75.16,84,86,3.71
221,Caravelas,BR,2021-10-21 22:39:20,-17.7125,-39.2481,73.9,85,100,11.05
222,Ucluelet,CA,2021-10-21 22:43:11,48.9329,-125.5528,54.09,92,100,3.0
223,Porto Santo,PT,2021-10-21 22:43:12,33.072,-16.3415,70.18,64,20,5.75
224,Coahuayana,MX,2021-10-21 22:38:40,18.7333,-103.6833,89.08,72,58,4.88
225,Sol-Iletsk,RU,2021-10-21 22:43:12,51.1631,54.9918,42.51,60,100,20.94
226,Nanortalik,GL,2021-10-21 22:42:18,60.1432,-45.2371,41.77,48,100,9.98
227,Bud,US,2021-10-21 22:43:13,39.447,-86.1758,56.62,73,81,11.68
228,Matamoros,MX,2021-10-21 22:43:13,25.5333,-103.25,84.31,37,75,16.11
229,Klaksvik,FO,2021-10-21 22:43:14,62.2266,-6.589,38.32,71,99,36.51
230,Codrington,AU,2021-10-21 22:43:14,-38.2667,141.9667,60.22,84,47,2.01
231,Port Hardy,CA,2021-10-21 22:43:15,50.6996,-127.4199,51.8,93,90,26.46
232,Berasia,IN,2021-10-21 22:43:15,23.6333,77.4333,66.34,64,0,5.73
233,Kinkala,CG,2021-10-21 22:43:15,-4.3614,14.7644,77.31,94,100,3.78
234,Lorengau,PG,2021-10-21 22:43:16,-2.0226,147.2712,78.35,89,100,11.03
235,Eyl,SO,2021-10-21 22:43:16,7.9803,49.8164,77.41,84,33,5.17
236,Harper,LR,2021-10-21 22:43:17,4.375,-7.7169,77.67,87,95,7.76
237,Teodoro Sampaio,BR,2021-10-21 22:43:17,-22.5325,-52.1675,69.44,60,1,3.65
238,Bealanana,MG,2021-10-21 22:43:17,-14.55,48.7333,60.67,96,21,1.41
239,Port Hedland,AU,2021-10-21 22:43:18,-20.3167,118.5667,64.45,82,0,8.05
240,Horki,BY,2021-10-21 22:43:18,54.2861,30.9842,54.77,63,99,23.53
241,Nemuro,JP,2021-10-21 22:43:19,43.3236,145.575,48.24,80,77,13.06
242,Nortelandia,BR,2021-10-21 22:43:19,-14.4547,-56.8028,83.61,56,78,1.36
243,Havelock,US,2021-10-21 22:43:10,34.8791,-76.9013,73.38,78,83,5.01
244,Severo-Kurilsk,RU,2021-10-21 22:43:20,50.6789,156.125,39.04,63,97,7.49
245,Kharp,RU,2021-10-21 22:43:20,66.8014,65.8081,24.91,93,100,4.16
246,Gondanglegi,ID,2021-10-21 22:43:21,-7.7479,112.0132,78.35,80,100,9.66
247,Fomboni,KM,2021-10-21 22:43:21,-12.28,43.7425,78.01,76,14,13.94
248,Dzilam Gonzalez,MX,2021-10-21 22:43:21,21.2833,-88.9333,76.15,93,97,4.59
249,Raudeberg,NO,2021-10-21 22:43:22,61.9875,5.1352,43.2,57,100,27.04
250,Saint-Leu,RE,2021-10-21 22:43:22,-21.15,55.2833,70.66,87,0,1.66
251,Palembang,ID,2021-10-21 22:43:23,-2.9167,104.7458,74.35,94,100,1.86
252,Mombetsu,JP,2021-10-21 22:42:25,44.3525,143.3525,43.09,88,99,5.37
253,Half Moon Bay,US,2021-10-21 22:41:53,37.4636,-122.4286,78.82,80,90,1.01
254,Port Elizabeth,ZA,2021-10-21 22:38:52,-33.918,25.5701,64.69,88,20,14.97
255,Kamina,CD,2021-10-21 22:43:24,-8.7386,24.9906,64.98,95,84,5.39
256,Camacupa,AO,2021-10-21 22:43:24,-12.0167,17.4833,65.98,76,99,0.67
257,Cap Malheureux,MU,2021-10-21 22:43:25,-19.9842,57.6142,74.46,76,51,5.01
258,Rock Sound,BS,2021-10-21 22:43:25,24.9,-76.2,81.64,73,21,20.6
259,Chipata,ZM,2021-10-21 22:43:25,-13.6333,32.65,65.14,70,57,6.35
260,Sumy,UA,2021-10-21 22:43:26,50.9216,34.8003,50.68,80,64,17.9
261,San Cristobal,VE,2021-10-21 22:39:42,7.7669,-72.225,77.18,90,54,1.16
262,Jumla,NP,2021-10-21 22:43:26,29.2747,82.1838,48.45,82,1,4.16
263,Chengde,CN,2021-10-21 22:43:27,40.9725,117.9361,37.87,59,0,3.89
264,At-Bashi,KG,2021-10-21 22:43:27,41.1702,75.8106,40.71,77,97,1.14
265,Kiruna,SE,2021-10-21 22:43:28,67.8557,20.2251,22.12,100,90,11.5
266,Kushmurun,KZ,2021-10-21 22:43:28,52.4503,64.6311,34.2,60,75,16.35
267,Udachnyy,RU,2021-10-21 22:40:38,66.4167,112.4,18.63,94,97,2.75
268,Lebork,PL,2021-10-21 22:43:29,54.5392,17.7501,46.74,75,74,22.48
269,Xinqing,CN,2021-10-21 22:43:29,48.2333,129.5,29.1,82,6,2.84
270,Noumea,NC,2021-10-21 22:43:29,-22.2763,166.4572,80.58,99,85,6.87
271,Tadine,NC,2021-10-21 22:43:30,-21.55,167.8833,75.02,77,98,11.5
272,Abalak,RU,2021-10-21 22:43:30,58.1286,68.5944,27.05,91,79,6.55
273,Bermeo,ES,2021-10-21 22:43:31,43.4209,-2.7215,57.81,81,40,10.27
274,Sao Filipe,CV,2021-10-21 22:43:31,14.8961,-24.4956,81.14,65,17,6.44
275,Solnechnyy,RU,2021-10-21 22:43:32,50.7214,136.6319,30.25,85,89,1.32
276,Neftcala,AZ,2021-10-21 22:43:32,39.3742,49.2472,56.93,84,68,6.76
277,Great Bend,US,2021-10-21 22:43:32,38.3645,-98.7648,65.88,44,1,3.44
278,Felipe Carrillo Puerto,MX,2021-10-21 22:43:33,19.5833,-88.05,74.17,99,100,1.32
279,Cabo San Lucas,MX,2021-10-21 22:43:33,22.8909,-109.9124,88.61,69,20,12.66
280,Fort Nelson,CA,2021-10-21 22:43:12,58.8053,-122.7002,33.39,86,20,4.61
281,Uarini,BR,2021-10-21 22:43:34,-2.99,-65.1083,84.15,99,100,4.83
282,Beloha,MG,2021-10-21 22:40:44,-25.1667,45.05,60.55,81,1,5.79
283,Cotonou,BJ,2021-10-21 22:43:34,6.3654,2.4183,78.78,89,20,5.75
284,Ambulu,ID,2021-10-21 22:43:35,-8.345,113.6058,77.16,86,100,2.15
285,Dhidhdhoo,MV,2021-10-21 22:43:35,6.8833,73.1,80.42,79,56,6.42
286,Kantabanji,IN,2021-10-21 22:43:36,20.4833,82.9167,68.58,75,10,2.24
287,Gouyave,GD,2021-10-21 22:43:36,12.1646,-61.7296,83.17,74,20,17.27
288,Takoradi,GH,2021-10-21 22:41:34,4.8845,-1.7554,77.14,91,100,7.11
289,Krasnoborsk,RU,2021-10-21 22:43:37,61.5598,45.934,41.86,98,72,8.01
290,Hakodate,JP,2021-10-21 22:43:37,41.7758,140.7367,39.51,87,40,4.61
291,Emerald,AU,2021-10-21 22:38:43,-23.5333,148.1667,85.98,30,90,10.36
292,Atar,MR,2021-10-21 22:43:38,20.5169,-13.0499,79.03,18,0,7.72
293,Burdur,TR,2021-10-21 22:43:38,37.7203,30.2908,45.12,75,0,2.3
294,Polunochnoye,RU,2021-10-21 22:43:38,60.8697,60.4153,28.38,95,100,7.36
295,Paita,PE,2021-10-21 22:39:55,-5.0892,-81.1144,66.38,83,29,14.58
296,Kavieng,PG,2021-10-21 22:38:41,-2.5744,150.7967,81.95,78,100,10.18
297,Betare Oya,CM,2021-10-21 22:43:39,5.6,14.0833,67.03,96,93,2.98
298,Torrevieja,ES,2021-10-21 22:43:40,37.9787,-0.6822,72.25,80,90,4.0
299,Lohardaga,IN,2021-10-21 22:43:40,23.4333,84.6833,67.86,68,0,3.24
300,Cananeia,BR,2021-10-21 22:43:41,-25.0147,-47.9267,65.46,82,48,6.22
301,Nova Olimpia,BR,2021-10-21 22:43:41,-14.7972,-57.2881,83.39,59,89,2.55
302,Ust-Nera,RU,2021-10-21 22:43:41,64.5667,143.2,7.74,96,100,3.27
303,Alta Floresta,BR,2021-10-21 22:39:33,-9.8756,-56.0861,76.95,75,49,3.78
304,Makakilo City,US,2021-10-21 22:43:42,21.3469,-158.0858,82.72,64,75,8.05
305,Bayonet Point,US,2021-10-21 22:43:42,28.3267,-82.6834,84.45,74,20,3.0
306,Airai,TL,2021-10-21 22:43:43,-8.9266,125.4092,69.98,57,80,1.14
307,Sao Jose Da Coroa Grande,BR,2021-10-21 22:39:55,-8.8978,-35.1478,78.69,85,17,11.39
308,Salalah,OM,2021-10-21 22:43:43,17.0151,54.0924,77.09,73,20,4.61
309,Carnarvon,AU,2021-10-21 22:43:44,-24.8667,113.6333,62.67,72,0,18.41
310,Beringovskiy,RU,2021-10-21 22:43:44,63.05,179.3167,17.29,87,100,13.35
311,San Ramon,US,2021-10-21 22:39:39,37.7799,-121.978,77.32,78,75,10.0
312,Inhambane,MZ,2021-10-21 22:43:45,-23.865,35.3833,69.31,71,32,9.75
313,Cururupu,BR,2021-10-21 22:43:45,-1.8283,-44.8683,76.66,89,89,3.2
314,Huilong,CN,2021-10-21 22:43:45,31.8111,121.655,55.04,80,76,13.29
315,Los Llanos De Aridane,ES,2021-10-21 22:39:35,28.6585,-17.9182,71.35,64,90,1.01
316,Pisco,PE,2021-10-21 22:43:46,-13.7,-76.2167,66.25,68,0,18.41
317,Luau,AO,2021-10-21 22:43:46,-10.7073,22.2247,67.19,92,100,2.73
318,Bengkulu,ID,2021-10-21 22:43:47,-3.8004,102.2655,74.16,92,91,3.44
319,Dingle,PH,2021-10-21 22:43:47,10.9995,122.6711,78.35,91,100,5.86
320,Thanh Hoa,VN,2021-10-21 22:43:48,19.8,105.7667,65.05,70,100,11.27
321,Kintampo,GH,2021-10-21 22:43:48,8.0563,-1.7306,73.81,91,91,4.41
322,Olga,RU,2021-10-21 22:43:49,43.7444,135.2892,36.52,58,43,4.97
323,Poum,NC,2021-10-21 22:43:49,-20.2333,164.0167,75.58,73,20,8.97
324,Moose Factory,CA,2021-10-21 22:42:42,51.2585,-80.6094,33.8,100,90,4.61
325,Chumphon,TH,2021-10-21 22:43:49,10.3333,98.8333,70.66,98,100,1.21
326,Inirida,CO,2021-10-21 22:42:23,3.8653,-67.9239,75.2,96,100,2.66
327,Heihe,CN,2021-10-21 22:43:50,50.2441,127.4902,30.78,64,6,4.56
328,Port Lincoln,AU,2021-10-21 22:43:51,-34.7333,135.8667,62.11,68,60,3.76
329,Chimbarongo,CL,2021-10-21 22:43:51,-34.7,-71.05,68.38,62,100,4.59
330,Wanning,CN,2021-10-21 22:43:51,18.8003,110.3967,76.26,90,87,11.1
331,Akureyri,IS,2021-10-21 22:43:52,65.6835,-18.0878,28.33,86,40,4.61
332,Suez,EG,2021-10-21 22:43:52,29.9737,32.5263,65.77,74,0,8.61
333,Boende,CD,2021-10-21 22:43:53,-0.2167,20.8667,70.11,100,100,3.83
334,Ingleside,US,2021-10-21 22:43:53,27.8778,-97.2117,86.23,70,1,1.01
335,Gurupa,BR,2021-10-21 22:43:54,-1.405,-51.64,78.76,77,79,4.27
336,Katsuura,JP,2021-10-21 22:43:54,35.1333,140.3,55.11,92,100,17.29
337,Buin,CL,2021-10-21 22:43:54,-33.7333,-70.75,73.72,56,77,6.2
338,Meulaboh,ID,2021-10-21 22:43:55,4.1363,96.1285,75.79,90,96,2.77
339,Pandan Niog,PH,2021-10-21 22:43:55,6.2282,120.5631,83.52,77,94,8.41
340,Abu Samrah,SY,2021-10-21 22:43:56,35.3029,37.1841,65.17,35,0,4.16
341,Cayenne,GF,2021-10-21 22:39:57,4.9333,-52.3333,82.44,82,75,7.0
342,Simao,CN,2021-10-21 22:43:56,22.7886,100.9748,63.3,100,100,2.3
343,Manavalakurichi,IN,2021-10-21 22:43:57,8.1333,77.3,78.89,87,99,4.63
344,Sayyan,YE,2021-10-21 22:43:57,15.1718,44.3244,55.58,35,45,9.93
345,Sambava,MG,2021-10-21 22:40:35,-14.2667,50.1667,70.63,88,35,5.44
346,Luena,AO,2021-10-21 22:43:58,-11.7833,19.9167,64.0,93,100,3.11
347,Te Anau,NZ,2021-10-21 22:43:58,-45.4167,167.7167,55.24,65,30,1.28
348,Saldanha,ZA,2021-10-21 22:43:59,-33.0117,17.9442,59.05,85,100,18.84
349,Tecoanapa,MX,2021-10-21 22:43:59,16.5167,-98.75,80.82,82,85,5.17
350,Greenville,US,2021-10-21 22:43:59,35.6127,-77.3663,75.61,49,1,9.22
351,Hambantota,LK,2021-10-21 22:40:44,6.1241,81.1185,78.53,86,37,9.28
352,Awbari,LY,2021-10-21 22:44:00,26.5921,12.7805,77.85,29,100,14.85
353,Roebourne,AU,2021-10-21 22:44:00,-20.7833,117.1333,80.87,27,0,13.76
354,Shache,CN,2021-10-21 22:44:01,38.4167,77.2406,51.75,25,53,2.06
355,Pilar,BR,2021-10-21 22:44:02,-9.5972,-35.9567,80.53,86,35,9.48
356,Moree,AU,2021-10-21 22:44:02,-29.4667,149.85,71.62,64,0,11.5
357,Sisimiut,GL,2021-10-21 22:43:32,66.9395,-53.6735,26.87,85,42,12.28
358,Clarence Town,AU,2021-10-21 22:44:03,-32.5833,151.7833,74.34,61,10,1.72
359,Porto Seguro,BR,2021-10-21 22:44:03,-16.4497,-39.0647,73.92,94,75,3.44
360,San Patricio,US,2021-10-21 22:42:07,28.017,-97.5169,86.72,51,30,7.45
361,Deputatskiy,RU,2021-10-21 22:39:19,69.3,139.9,-3.98,100,100,3.65
362,Pervomayskoye,RU,2021-10-21 22:44:04,43.919,46.7102,46.87,88,0,6.4
363,Sinegorskiy,RU,2021-10-21 22:44:04,48.0139,40.8447,46.45,82,75,12.88
364,Burnie,AU,2021-10-21 22:44:05,-41.0667,145.9167,57.94,93,100,11.86
365,Blatna,CZ,2021-10-21 22:44:05,49.4249,13.8818,51.26,80,44,15.37
366,Palmer,US,2021-10-21 22:40:18,42.1584,-72.3287,67.55,57,75,12.66
367,Pacific Grove,US,2021-10-21 22:44:06,36.6177,-121.9166,77.76,84,20,5.99
368,Popondetta,PG,2021-10-21 22:44:07,-8.7537,148.2534,86.04,63,40,2.1
369,Pishin,PK,2021-10-21 22:44:07,30.5803,66.9961,60.84,24,1,6.55
370,Albi,FR,2021-10-21 22:44:07,43.9298,2.148,56.46,78,61,3.31
371,Panchgani,IN,2021-10-21 22:44:08,17.9167,73.8167,60.13,64,96,4.38
372,Abay,KZ,2021-10-21 22:44:08,49.6311,72.8539,32.38,88,88,13.02
373,Tazovskiy,RU,2021-10-21 22:44:09,67.4667,78.7,24.6,99,77,2.26
374,Trinitapoli,IT,2021-10-21 22:44:09,41.3572,16.0874,63.91,68,87,8.93
375,Kampong Thum,KH,2021-10-21 22:44:09,12.7111,104.8887,75.99,92,100,3.42
376,Texarkana,US,2021-10-21 22:44:10,33.4251,-94.0477,84.42,28,1,9.22
377,Presidencia Roque Saenz Pena,AR,2021-10-21 22:44:10,-26.7852,-60.4388,76.64,31,0,8.84
378,Pitimbu,BR,2021-10-21 22:39:43,-7.4706,-34.8086,81.19,79,99,12.01
379,Nevelsk,RU,2021-10-21 22:44:11,46.6733,141.8633,23.43,68,24,2.57
380,Puerto Rico,AR,2021-10-21 22:44:11,-26.796,-55.024,69.6,64,37,1.88
381,Bronnoysund,NO,2021-10-21 22:44:12,65.4625,12.1997,41.0,60,75,25.32
382,Tarko-Sale,RU,2021-10-21 22:44:12,64.9225,77.785,26.56,97,88,6.08
383,Spas-Klepiki,RU,2021-10-21 22:44:13,55.1347,40.1767,50.95,76,100,13.89
384,Kyshtovka,RU,2021-10-21 22:44:13,56.555,76.6271,39.69,69,100,14.0
385,Cao Bang,VN,2021-10-21 22:44:13,22.6667,106.25,61.32,81,99,2.73
386,Tipuani,BO,2021-10-21 22:44:14,-15.5648,-68.0185,79.34,63,75,2.59
387,Iquitos,PE,2021-10-21 22:41:17,-3.7481,-73.2472,86.04,70,20,5.75
388,Uthal,PK,2021-10-21 22:44:14,25.8072,66.6219,76.73,78,19,2.91
389,Olinda,BR,2021-10-21 22:44:15,-8.0089,-34.8553,82.13,78,75,8.05
390,Vostok,RU,2021-10-21 22:44:15,46.4856,135.8833,26.67,84,94,3.94
391,Orlik,RU,2021-10-21 22:44:16,52.5178,99.825,27.73,46,2,2.68
392,Faya,SA,2021-10-21 22:44:16,18.3851,42.4509,62.71,27,30,6.44
393,Camacha,PT,2021-10-21 22:44:16,33.0833,-16.3333,67.42,64,20,5.75
394,Dunedin,NZ,2021-10-21 22:44:17,-45.8742,170.5036,55.8,69,46,11.01
395,Guerrero Negro,MX,2021-10-21 22:44:17,27.9769,-114.0611,73.08,66,0,12.71
396,Limoges,FR,2021-10-21 22:42:58,45.75,1.3333,52.36,100,90,4.61
397,Voyvozh,RU,2021-10-21 22:44:18,62.892,54.9635,29.34,95,100,7.85
398,Athabasca,CA,2021-10-21 22:44:18,54.7169,-113.2854,48.02,37,1,9.24
399,College,US,2021-10-21 22:43:41,64.8569,-147.8028,34.2,78,75,0.0
400,Tubmanburg,LR,2021-10-21 22:44:19,6.8708,-10.8172,73.65,98,100,0.65
401,Ixtapa,MX,2021-10-21 22:39:48,20.7,-105.2,88.83,66,20,10.36
402,Oriximina,BR,2021-10-21 22:44:19,-1.7656,-55.8661,76.64,87,93,2.37
403,Priiskovyy,RU,2021-10-21 22:44:20,51.9333,116.6333,24.55,92,14,4.29
404,Chulman,RU,2021-10-21 22:44:20,56.8479,124.9104,34.3,98,100,7.74
405,Nome,US,2021-10-21 22:44:20,64.5011,-165.4064,33.87,80,90,8.05
406,Kalangala,UG,2021-10-21 22:44:21,-0.3089,32.225,71.2,74,100,9.98
407,Mosquera,CO,2021-10-21 22:44:21,4.7059,-74.2302,59.09,82,40,6.91
408,Kodiak,US,2021-10-21 22:44:22,57.79,-152.4072,42.31,81,90,8.05
409,Tachov,CZ,2021-10-21 22:44:22,49.7953,12.6337,46.42,93,75,10.98
410,Tura,IN,2021-10-21 22:43:36,25.5198,90.2201,62.15,87,5,2.28
411,The Pas,CA,2021-10-21 22:44:23,53.8251,-101.2541,39.22,52,1,5.75
412,Conakry,GN,2021-10-21 22:44:23,9.538,-13.6773,82.47,83,40,6.91
413,Nuevo Progreso,MX,2021-10-21 22:44:23,23.1667,-97.95,88.59,69,15,8.01
414,Ola,RU,2021-10-21 22:44:24,59.5833,151.2833,16.9,35,17,5.21
415,Mount Gambier,AU,2021-10-21 22:44:24,-37.8333,140.7667,53.51,100,90,4.61
416,Farsund,NO,2021-10-21 22:44:15,58.0948,6.8047,43.95,79,80,23.58
417,Namanga,KE,2021-10-21 22:44:25,-2.5433,36.7905,66.49,66,51,5.79
418,Sorland,NO,2021-10-21 22:44:25,67.667,12.6934,40.96,63,100,20.67
419,Goderich,CA,2021-10-21 22:39:39,43.7501,-81.7165,59.92,88,97,17.27
420,Vilhena,BR,2021-10-21 22:44:26,-12.7406,-60.1458,80.82,74,20,3.44
421,Kang,BW,2021-10-21 22:44:26,-23.6752,22.7876,66.78,73,100,9.89
422,Nikel,RU,2021-10-21 22:44:27,69.4128,30.222,33.98,82,100,23.87
423,Tupanatinga,BR,2021-10-21 22:44:27,-8.7533,-37.3397,78.58,54,100,3.83
424,Tera,NE,2021-10-21 22:44:27,14.0078,0.7531,90.86,30,29,7.38
425,Yarmouth,US,2021-10-21 22:44:28,41.7057,-70.2286,65.44,89,1,5.99
426,Loandjili,CG,2021-10-21 22:44:28,-4.7561,11.8578,78.91,83,40,8.05
427,Oktyabrskoye,RU,2021-10-21 22:44:29,43.0645,44.7417,32.14,93,1,6.71
428,Boddam,GB,2021-10-21 22:44:29,57.4667,-1.7833,47.71,82,91,31.54
429,Aljezur,PT,2021-10-21 22:44:30,37.3191,-8.8033,60.08,76,22,13.78
430,Swan Hill,AU,2021-10-21 22:44:30,-35.3378,143.5544,75.34,31,7,11.65
431,Kadayanallur,IN,2021-10-21 22:44:31,9.0833,77.35,76.84,88,97,1.92
432,Wasilla,US,2021-10-21 22:40:30,61.5814,-149.4394,43.03,87,75,1.99
433,Yabelo,ET,2021-10-21 22:44:31,4.8833,38.0833,62.2,73,100,5.88
434,Shimoda,JP,2021-10-21 22:44:32,34.6667,138.95,60.91,86,100,15.55
435,Teguise,ES,2021-10-21 22:44:32,29.0605,-13.564,68.22,83,20,10.36
436,Obo,CF,2021-10-21 22:44:10,5.3998,26.4869,67.44,98,100,2.73
437,Comodoro Rivadavia,AR,2021-10-21 22:44:33,-45.8667,-67.5,58.86,23,0,9.22
438,Neiafu,TO,2021-10-21 22:44:33,-18.65,-173.9833,81.28,69,40,8.05
439,Cidreira,BR,2021-10-21 22:44:33,-30.1811,-50.2056,65.01,82,8,16.22
440,Sar-E Pul,AF,2021-10-21 22:44:34,35.8333,66.1667,38.28,96,100,3.67
441,Clyde River,CA,2021-10-21 22:44:34,70.4692,-68.5914,23.23,86,40,4.61
442,Carupano,VE,2021-10-21 22:44:35,10.6678,-63.2585,78.49,85,52,12.62
443,Ravar,IR,2021-10-21 22:44:35,31.2656,56.8055,58.89,43,11,7.54
444,Sobolevo,RU,2021-10-21 22:44:35,54.4299,31.8996,55.49,65,98,21.56
445,Cooma,AU,2021-10-21 22:44:36,-36.2333,149.1333,56.97,88,40,10.36
446,Townsville,AU,2021-10-21 22:44:36,-19.25,146.8,83.28,74,40,14.97
447,Tsabong,BW,2021-10-21 22:44:37,-26.0217,22.401,63.03,85,81,18.72
448,Batticaloa,LK,2021-10-21 22:44:37,7.7102,81.6924,78.57,84,38,4.52
449,Sola,VU,2021-10-21 22:44:37,-13.8833,167.55,80.87,71,95,1.77
450,Havre-Saint-Pierre,CA,2021-10-21 22:44:38,50.2334,-63.5986,50.0,87,1,4.61
451,Siguiri,GN,2021-10-21 22:44:38,11.6667,-9.5,75.56,87,91,2.57
452,Zabaykalsk,RU,2021-10-21 22:44:39,49.6333,117.3167,26.19,83,3,5.19
453,Gaoua,BF,2021-10-21 22:44:39,10.2992,-3.2508,80.87,64,90,3.42
454,Kieta,PG,2021-10-21 22:44:39,-6.2167,155.6333,83.01,73,85,1.68
455,Beberibe,BR,2021-10-21 22:44:40,-4.1797,-38.1306,82.44,80,86,9.48
456,Madison,US,2021-10-21 22:44:20,34.7334,-86.5667,71.51,87,90,1.01
457,Ust-Maya,RU,2021-10-21 22:44:41,60.4167,134.5333,26.91,96,100,7.43
458,Avera,US,2021-10-21 22:44:41,33.194,-82.5271,78.67,66,69,6.33
459,San Angelo,US,2021-10-21 22:44:42,31.4638,-100.437,80.33,67,20,4.0
460,Aiken,US,2021-10-21 22:41:10,33.5835,-81.5998,77.11,68,90,9.22
461,Ternova,UA,2021-10-21 22:44:42,50.1849,36.6757,51.58,70,88,18.75
462,Vila Velha,BR,2021-10-21 22:44:42,-20.3297,-40.2925,69.75,78,90,12.66
463,Ruzhyn,UA,2021-10-21 22:44:43,49.7228,29.2046,58.5,55,44,14.47
464,Suining,CN,2021-10-21 22:44:43,30.508,105.5733,57.09,93,100,4.05
465,Egvekinot,RU,2021-10-21 22:44:44,66.3167,-179.1667,18.95,95,100,1.1
466,Waipawa,NZ,2021-10-21 22:44:44,-41.4122,175.5153,58.3,56,100,7.92
467,Pandan,PH,2021-10-21 22:44:44,14.0453,124.1694,81.55,76,100,10.36
468,Baghdad,IQ,2021-10-21 22:41:57,33.3406,44.4009,69.71,35,0,12.66
469,Turukhansk,RU,2021-10-21 22:44:45,65.8167,87.9833,34.48,95,100,11.65
470,Aksu,CN,2021-10-21 22:44:45,41.1231,80.2644,54.01,26,100,2.84
471,Robertsport,LR,2021-10-21 22:44:46,6.7533,-11.3686,78.85,83,100,7.38
472,Ponta Delgada,PT,2021-10-21 22:44:46,37.7333,-25.6667,63.32,82,20,4.61
473,Laguna,US,2021-10-21 22:44:11,38.421,-121.4238,80.08,60,90,1.99
474,Vera Cruz,BR,2021-10-21 22:44:47,-12.6333,-41.0333,70.88,92,94,2.08
475,Tirano,IT,2021-10-21 22:44:48,46.2154,10.1679,55.47,99,60,4.52
476,Rochegda,RU,2021-10-21 22:44:48,62.8,43.25,39.07,99,100,4.83
477,Buraydah,SA,2021-10-21 22:44:48,26.326,43.975,75.65,39,0,9.08
478,Hirado,JP,2021-10-21 22:44:49,33.3597,129.5531,56.55,65,63,17.6
479,Chapleau,CA,2021-10-21 22:44:49,47.8405,-83.4034,30.29,74,90,9.22
480,Byron Bay,AU,2021-10-21 22:43:17,-28.65,153.6167,76.05,78,64,1.3
481,Butte,US,2021-10-21 22:44:50,39.6499,-121.5677,70.68,73,90,17.27
482,Aden,YE,2021-10-21 22:44:50,12.7794,45.0367,84.16,63,81,9.33
483,Northam,GB,2021-10-21 22:44:51,51.0333,-4.2167,52.61,67,21,12.64
484,Buy,RU,2021-10-21 22:44:51,58.4786,41.53,49.21,97,100,12.57
485,Turkan,AZ,2021-10-21 22:44:51,40.3639,50.215,59.18,72,0,11.5
486,Sao Joao Da Barra,BR,2021-10-21 22:44:52,-21.6403,-41.0511,67.19,74,83,7.0
487,Panshi,CN,2021-10-21 22:44:52,42.9422,126.0561,35.28,64,51,0.45
488,Batsfjord,NO,2021-10-21 22:44:53,70.6345,29.7185,32.94,60,98,24.0
489,Anadyr,RU,2021-10-21 22:44:53,64.75,177.4833,23.5,86,75,2.24
490,Riberalta,BO,2021-10-21 22:44:53,-10.9833,-66.1,89.8,62,75,4.61
491,Torokszentmiklos,HU,2021-10-21 22:44:54,47.1833,20.4167,59.34,63,90,6.91
492,Andenes,NO,2021-10-21 22:44:54,69.3143,16.1194,35.58,64,90,28.77
493,Gillette,US,2021-10-21 22:41:56,44.2911,-105.5022,62.24,34,1,4.61
494,Morondava,MG,2021-10-21 22:44:55,-20.2833,44.2833,70.32,78,0,9.22
495,Kalaleh,IR,2021-10-21 22:44:55,37.3807,55.4916,51.26,64,0,3.94
496,Yumen,CN,2021-10-21 22:43:07,40.2833,97.2,40.08,31,0,7.87
497,Husavik,IS,2021-10-21 22:44:56,66.0449,-17.3389,28.31,72,100,5.53
498,General Bravo,MX,2021-10-21 22:44:57,25.8,-99.1667,90.0,41,69,8.25
499,Mercedes,AR,2021-10-21 22:44:57,-34.6515,-59.4307,74.01,53,14,9.66
500,Astoria,US,2021-10-21 22:44:57,46.1879,-123.8313,63.75,92,90,1.99
501,Vardo,NO,2021-10-21 22:44:58,70.3705,31.1107,35.92,53,100,28.74
502,La Libertad,EC,2021-10-21 22:44:58,-2.2333,-80.9,74.86,78,40,9.22
503,Miranda,CO,2021-10-21 22:44:59,3.2499,-76.2281,73.53,97,88,1.28
504,Basco,PH,2021-10-21 22:41:17,20.4487,121.9702,81.16,79,100,18.07
505,Sibolga,ID,2021-10-21 22:44:59,1.7427,98.7792,75.94,87,100,3.47
506,Keshorai Patan,IN,2021-10-21 22:45:00,25.3,75.9333,71.01,53,0,6.04
507,Beyneu,KZ,2021-10-21 22:45:00,45.3167,55.2,44.94,45,85,11.99
508,Zhigansk,RU,2021-10-21 22:40:14,66.7697,123.3711,28.17,80,65,16.2
509,Sosnogorsk,RU,2021-10-21 22:45:01,63.6023,53.8817,30.04,95,99,7.05
510,Pekalongan,ID,2021-10-21 22:45:01,-6.8886,109.6753,79.54,80,100,3.56
511,Orcopampa,PE,2021-10-21 22:45:02,-15.2661,-72.3417,52.5,28,80,7.92
512,Whitehorse,CA,2021-10-21 22:40:46,60.7161,-135.0538,46.02,53,75,12.66
513,Dongsheng,CN,2021-10-21 22:45:03,39.8161,109.9776,33.6,41,1,4.85
514,Lewistown,US,2021-10-21 22:40:40,40.5992,-77.5714,72.34,64,20,4.61
515,Port Washington,US,2021-10-21 22:45:04,40.8257,-73.6982,70.92,75,40,1.99
516,Baykit,RU,2021-10-21 22:40:11,61.67,96.37,33.1,93,100,2.95
517,Cassia,BR,2021-10-21 22:45:05,-20.5831,-46.9219,66.63,74,28,1.01
518,Rumford,US,2021-10-21 22:44:32,44.5537,-70.5509,56.8,97,100,1.81
519,Lata,PT,2021-10-21 22:41:27,40.1629,-8.3327,57.61,91,0,3.65
520,Tashkent,UZ,2021-10-21 22:44:45,41.2646,69.2163,44.55,81,40,9.22
521,Puri,IN,2021-10-21 22:45:06,19.8,85.85,77.52,74,74,6.69
522,Kysyl-Syr,RU,2021-10-21 22:45:07,63.8986,122.7617,30.63,89,86,9.17
523,Crawfordsville,US,2021-10-21 22:45:08,40.0411,-86.8745,55.02,73,97,10.76
524,Asfi,MA,2021-10-21 22:40:33,32.2994,-9.2372,66.56,84,1,14.54
525,Roma,US,2021-10-21 22:45:09,43.2128,-75.4557,68.14,67,1,0.0
526,Moussoro,TD,2021-10-21 22:45:09,13.6408,16.4901,87.67,39,98,3.96
527,Porgera,PG,2021-10-21 22:45:10,-5.4667,143.2,45.43,97,100,1.43
528,Kenai,US,2021-10-21 22:45:11,60.5544,-151.2583,45.03,85,90,4.61
529,Garoua,CM,2021-10-21 22:45:11,9.3,13.4,76.95,77,97,3.78
530,Grenfell,AU,2021-10-21 22:45:11,-33.9,148.1667,67.53,52,15,6.4
531,Surovatikha,RU,2021-10-21 22:45:12,55.7652,43.8984,48.67,88,99,13.31
532,Troitsko-Pechorsk,RU,2021-10-21 22:45:12,62.7084,56.1964,30.18,97,100,8.48
533,Ipatovo,RU,2021-10-21 22:45:13,45.7181,42.9036,47.55,39,6,6.15
534,Hun,LY,2021-10-21 22:45:13,29.1268,15.9477,72.93,38,100,14.63
535,Pangoa,PE,2021-10-21 22:45:14,-12.1167,-73.0,78.08,68,75,1.52
536,Port Macquarie,AU,2021-10-21 22:40:51,-31.4333,152.9167,70.9,66,31,1.83
537,Padang,ID,2021-10-21 22:45:14,-0.9492,100.3543,73.45,85,98,3.78
538,Fare,PF,2021-10-21 22:45:15,-16.7,-151.0167,78.76,75,36,8.72
539,Mayor Pablo Lagerenza,PY,2021-10-21 22:45:15,-19.9309,-60.7718,83.77,38,20,6.55
540,Teahupoo,PF,2021-10-21 22:42:14,-17.8333,-149.2667,78.76,77,47,10.4
541,Matamba,TZ,2021-10-21 22:45:16,-8.9833,33.9667,54.14,78,44,5.23
542,Khvoynaya,RU,2021-10-21 22:45:16,58.9,34.5333,51.62,83,100,15.41
543,Caraballeda,VE,2021-10-21 22:45:17,10.6112,-66.8522,86.07,82,90,6.91
544,Bilma,NE,2021-10-21 22:45:17,18.6853,12.9164,81.68,18,0,10.45
545,Codajas,BR,2021-10-21 22:45:18,-3.8367,-62.0569,79.27,79,98,2.33
546,Puerto Madryn,AR,2021-10-21 22:40:52,-42.7692,-65.0385,53.53,61,30,15.46
547,Norwich,GB,2021-10-21 22:41:08,52.6278,1.2983,45.95,80,71,3.0
548,Yaan,NG,2021-10-21 22:45:18,7.3833,8.5667,73.45,91,55,3.42
549,Verkhnyaya Inta,RU,2021-10-21 22:40:41,65.9811,60.3094,30.27,68,100,14.65
550,Dormidontovka,RU,2021-10-21 22:45:19,47.7702,134.9076,32.81,66,88,7.09
551,Ostrovnoy,RU,2021-10-21 22:45:19,68.0531,39.5131,34.65,73,100,18.81
552,Vao,NC,2021-10-21 22:45:20,-22.6667,167.4833,71.83,78,69,12.8
553,Santa Rosalia,MX,2021-10-21 22:45:20,27.3167,-112.2833,78.84,49,0,6.44
554,Nurota,UZ,2021-10-21 22:43:37,40.5614,65.6886,32.09,59,8,3.65
555,Sakakah,SA,2021-10-21 22:45:21,29.9697,40.2064,71.17,39,0,7.99
556,Shingu,JP,2021-10-21 22:45:21,33.7333,135.9833,54.95,85,100,5.37
557,Ereymentau,KZ,2021-10-21 22:45:22,51.6199,73.1033,32.16,79,35,20.49
558,Durango,MX,2021-10-21 22:42:55,24.8333,-104.8333,74.68,36,61,3.51
559,Bishop Auckland,GB,2021-10-21 22:45:22,54.6555,-1.6771,45.86,80,74,17.31
